PitchNo,Date,Time,Pitcher,PitcherId,PitcherThrows,PitcherTeam,PitcherSet,PitchCall,Balls,Strikes,TaggedPitchType,PitchSession,Flag,RelSpeed,VertRelAngle,HorzRelAngle,SpinRate,SpinAxis,Tilt,RelHeight,RelSide,Extension,VertBreak,InducedVertBreak,HorzBreak,PlateLocHeight,PlateLocSide,ZoneSpeed,VertApprAngle,HorzApprAngle,ZoneTime,pfxx,pfxz,x0,y0,z0,vx0,vy0,vz0,ax0,ay0,az0,PlayID,CalibrationId,EffVelocity,PracticeType,Device,Direction,BatterId,Batter,HitSpinRate,HitType,ExitSpeed,BatterSide,Angle,PositionAt110X,PositionAt110Y,PositionAt110Z,Distance,LastTrackedDistance,HangTime,Bearing,ContactPositionX,ContactPositionY,ContactPositionZ,SpinAxis3dTransverseAngle,SpinAxis3dLongitudinalAngle,SpinAxis3dActiveSpinRate,SpinAxis3dSpinEfficiency,SpinAxis3dTilt,PitchUID,SessionId,CustomTags,CustomLabel
1,2026-10-01,10:25:32.72,"Sloan, Landon",835347,Right,LON_DIR,,,,,,Warmup,,90.03646,,,2157.875457,,,5.5117,2.89106,6.13899,,,,4.49784,0.56751,80.4899,-3.226299772,-1.304889328,0.4241978512,-7.77683,7.15545,-2.62356,50,5.56255,7.83341,-130.68858,1.19751,-13.17038,32.87809,-20.056,d840543b-5f61-491c-9e5b-24efa6aee9a1,68857c05-61d1-485c-8725-2ef42a8955db,88.8558,LiveBpPitching,24180025,,,,,,,Right,,,,,,,,,,,,,,,,,06887b68-09ab-4a31-bc8d-16052219b844,3694ebd9-c3bd-46fc-8f71-f7ff3f5e6b4a,,
2,2026-10-01,10:25:48.63,"Sloan, Landon",835347,Right,LON_DIR,,,,,,Warmup,,90.62725,-0.2897689891,-5.597602347,2186.157054,231.7836376,1:45,5.41164,2.96522,5.89604,-20.7918,13.8991,17.76232,3.40871,-0.76727,81.17606,-4.227899331,-2.241856956,0.4239153876,-11.46396,7.62469,-2.52418,50,5.37647,12.27917,-131.15983,-1.34032,-19.62745,32.17877,-19.11981,f454047f-683c-467d-99ad-8ce739777818,68857c05-61d1-485c-8725-2ef42a8955db,88.91501,LiveBpPitching,24180025,,,,,,,Right,,,,,,,,,,,,,,,,,c1dd819f-607d-4e6f-881e-48086f9f7d77,3694ebd9-c3bd-46fc-8f71-f7ff3f5e6b4a,,
3,2026-10-01,10:26:05.94,"Sloan, Landon",835347,Right,LON_DIR,,,,,,Warmup,,84.59734,-1.181335102,-4.137925648,1777.036256,239.791495,2:00,5.37932,2.9156,6.05597,-30.96795,8.1588,14.06722,1.70234,0.25163,76.85549,-7.020203161,-1.476856766,0.4502028875,-8.91237,4.79742,-2.6017,50,5.27092,8.4653,-122.77439,-3.45628,-13.47775,26.40406,-24.91914,c4aad3c4-70b0-4281-a8d5-20ce0b6c98cc,68857c05-61d1-485c-8725-2ef42a8955db,83.72323,LiveBpPitching,24180025,,,,,,,Right,,,,,,,,,,,,,,,,,786d6d79-04ff-41e8-a2d6-60db3bbecf3d,3694ebd9-c3bd-46fc-8f71-f7ff3f5e6b4a,,
4,2026-10-01,10:26:27.26,"Sloan, Landon",835347,Right,LON_DIR,Stretch,BallCalled,0,0,,Live,,90.21341,-0.5131708125,-4.482485533,2184.916199,219.8733177,1:15,5.53571,2.78123,5.87263,-16.66123,18.50971,15.52417,3.66923,-0.09639,80.25086,-3.682948755,-1.533349403,0.426838308,-9.99582,10.21834,-2.42739,50,5.48469,9.74633,-130.70704,-1.71128,-16.86205,33.93992,-14.93662,c79524d0-1452-46dc-8a78-c6fcfb5f46ea,68857c05-61d1-485c-8725-2ef42a8955db,88.30613,LiveBpPitching,24180025,,1000581039,"Harrison, Ayden",,,,Left,,,,,,,,,,,,,,,,,35599069-4413-43b4-ba79-28ad3d76db64,3694ebd9-c3bd-46fc-8f71-f7ff3f5e6b4a,,
5,2026-10-01,10:27:01.76,"Sloan, Landon",835347,Right,LON_DIR,Stretch,BallCalled,0,0,Fastball,Live,,90.03586,0.7710704196,-2.390800346,2077.393459,213.3580913,1:00,5.4007,2.77577,6.08619,-18.34017,16.46468,10.87079,4.58622,1.46901,80.33924,-2.730590542,-0.3149660258,0.4246110318,-6.76413,8.72593,-2.59721,50,5.45057,5.12354,-130.79975,1.19242,-11.44835,33.51386,-17.40533,5c903387-a32d-4212-aea6-410d0f5307bf,68857c05-61d1-485c-8725-2ef42a8955db,88.76934,LiveBpPitching,24180025,,814519,"Applefield, Kalen",,,,Left,,,,,,,,,,,,,,,,,e73356fd-3fae-4932-b673-97dced0b5443,3694ebd9-c3bd-46fc-8f71-f7ff3f5e6b4a,,
6,2026-10-01,10:27:21.89,"Sloan, Landon",835347,Right,LON_DIR,Stretch,BallCalled,1,0,Fastball,Live,,91.54385,-3.473018468,-4.282283471,2175.044613,227.8843651,1:30,5.42103,2.78029,6.23431,-19.19006,14.50185,16.00688,0.60555,0.15699,82.03203,-7.123497369,-1.224641108,0.4177670982,-10.25925,9.15744,-2.46882,50,5.15209,9.43534,-132.54773,-8.65399,-17.84631,34.19578,-16.24437,01c1f863-3ba3-48a1-8436-e71806601f0c,68857c05-61d1-485c-8725-2ef42a8955db,90.22357,LiveBpPitching,24180025,,814519,"Applefield, Kalen",,,,Left,,,,,,,,,,,,,,,,,dcbf23eb-bbb2-43ff-a4e8-c05f3c17b06e,3694ebd9-c3bd-46fc-8f71-f7ff3f5e6b4a,,
7,2026-10-01,10:27:49.68,"Sloan, Landon",835347,Right,LON_DIR,Stretch,InPlay,2,0,Fastball,Live,,91.34999,,,2126.142998,,,6.03695,2.81313,5.93013,,,,2.43811,0.27899,81.66546,,,0.4205542942,-8.73873,12.60092,-2.50538,50,5.81122,8.69377,-132.34519,-6.74494,-15.16734,33.88047,-10.30333,2a71c3e6-4f19-43c1-853a-5af6b1a7ee0d,68857c05-61d1-485c-8725-2ef42a8955db,89.62562,LiveBpPitching,24180025,10.50824006,814519,"Applefield, Kalen",,FlyBall,83.40339,Right,46.87934302,,,,298.79397,63.49781,5.147289012,5.874820264,2.20205,2.2274,-0.36995,,,,,,0162794d-75be-4566-a223-8d260a132055,3694ebd9-c3bd-46fc-8f71-f7ff3f5e6b4a,HC_IN_PLAY,
8,2026-10-01,10:28:26.35,"Sloan, Landon",835347,Right,LON_DIR,Stretch,BallCalled,0,0,Fastball,Live,,92.61403,-2.141351909,-2.654112165,2135.387485,216.7113356,1:15,5.60493,2.43688,6.31826,-17.09722,14.99691,11.19267,2.20515,0.92367,84.38687,-5.378254805,-0.5285944409,0.4077408422,-6.90584,8.84336,-2.24846,50,5.44025,5.89491,-134.65417,-5.57054,-12.62759,30.35293,-16.00365,f21c468e-164f-470f-8645-6988d1bb2343,68857c05-61d1-485c-8725-2ef42a8955db,92.44215,LiveBpPitching,24180025,,1000347676,"Coupland, Joseph",,,,Right,,,,,,,,,,,,,,,,,407f5892-bba9-4d2e-969a-22f751e593c5,3694ebd9-c3bd-46fc-8f71-f7ff3f5e6b4a,PC_STRIKE,
9,2026-10-01,10:29:01.44,"Sloan, Landon",835347,Right,LON_DIR,Stretch,StrikeCalled,1,0,Fastball,Live,,92.98139,-1.581071053,-3.952431654,2145.988574,215.7790661,1:15,5.40613,2.3268,6.40072,-15.02333,16.90981,12.2132,2.69662,-0.29532,84.19138,-4.440872586,-1.62808449,0.4067168495,-7.92398,9.78954,-2.04929,50,5.28583,8.95777,-135.03451,-4.19383,-14.50294,31.80654,-14.25665,ac2114f2-24c7-4823-b9e0-98642b1a731f,68857c05-61d1-485c-8725-2ef42a8955db,92.67489,LiveBpPitching,24180025,,1000347676,"Coupland, Joseph",,,,Right,,,,,,,,,,,,,,,,,7e78ad5e-e180-47c2-987b-b7f22b7fdb30,3694ebd9-c3bd-46fc-8f71-f7ff3f5e6b4a,PC_STRIKE|HC_FOUL,
10,2026-10-01,10:29:34.24,"Sloan, Landon",835347,Right,LON_DIR,Stretch,StrikeCalled,1,1,Fastball,Live,,92.97623,-1.324538743,-4.065481592,2234.869404,221.9797354,1:30,5.40709,2.37594,6.3412,-17.18917,14.90374,13.44435,2.75213,-0.25227,83.97003,-4.59716873,-1.50613218,0.4077331423,-8.65809,8.60574,-2.08679,50,5.30261,9.18065,-134.98687,-3.65779,-15.79123,32.54139,-16.47832,f8999b72-d35c-407e-8218-9574020d461f,68857c05-61d1-485c-8725-2ef42a8955db,92.44389,LiveBpPitching,24180025,,1000347676,"Coupland, Joseph",,,,Right,,,,,,,,,,,,,,,,,adf92cd3-0194-49ed-91a0-6292dcb5545c,3694ebd9-c3bd-46fc-8f71-f7ff3f5e6b4a,PC_STRIKE,
11,2026-10-01,10:30:14.78,"Sloan, Landon",835347,Right,LON_DIR,Stretch,BallCalled,0,0,ChangeUp,Live,,84.42225,0.7729138583,-1.904899278,1707.123754,253.6420473,2:30,5.31588,2.86945,6.21122,-35.41393,3.64079,12.53985,3.07838,2.15601,76.33724,-5.956912116,0.4852530161,0.4497883107,-7.47375,1.74616,-2.73311,50,5.3561,3.72425,-122.78149,0.64252,-11.24651,27.53935,-29.54643,a979b4fd-c19d-4c28-9c4a-f9a5d118f40d,68857c05-61d1-485c-8725-2ef42a8955db,83.8004,LiveBpPitching,24180025,,1000436607,"Enright, Trotter",,,,Left,,,,,,,,,,,,,,,,,d50d5911-817a-4dda-a08b-15a1f95592a7,3694ebd9-c3bd-46fc-8f71-f7ff3f5e6b4a,PC_BALL,
12,2026-10-01,10:30:36.07,"Sloan, Landon",835347,Right,LON_DIR,Stretch,StrikeCalled,1,0,ChangeUp,Live,,83.0223,-0.886661554,-3.99124221,1748.367144,227.3912215,1:30,5.36997,2.87928,6.10296,-31.44626,9.01955,9.85354,1.92753,0.00389,75.56787,-6.81581297,-2.127945101,0.4578418626,-6.56307,5.17717,-2.57775,50,5.28528,8.12619,-120.54489,-2.77844,-9.58435,25.0795,-24.61359,ab028b88-44b7-4092-a478-0b7d9bad8e0b,68857c05-61d1-485c-8725-2ef42a8955db,82.32633,LiveBpPitching,24180025,,1000436607,"Enright, Trotter",,,,Left,,,,,,,,,,,,,,,,,ae1e952f-26c9-4d86-ab9e-1fe74a3a51ce,3694ebd9-c3bd-46fc-8f71-f7ff3f5e6b4a,PC_STRIKE|HC_FOUL,
13,2026-10-01,10:31:07.40,"Sloan, Landon",835347,Right,LON_DIR,Stretch,StrikeCalled,1,1,Fastball,Live,,92.11657,-2.287411059,-4.696378969,2177.833043,215.7897393,1:15,5.36635,2.63382,6.13366,-14.42003,18.36851,13.26522,2.04259,-0.61053,83.84145,-5.009428851,-2.194864393,0.4121282887,-8.56362,10.65452,-2.28212,50,5.18391,10.55033,-133.58445,-5.81459,-15.43564,29.44592,-12.96963,d7c14e5f-566d-460a-986f-97fcc08df947,68857c05-61d1-485c-8725-2ef42a8955db,91.45802,LiveBpPitching,24180025,,1000436607,"Enright, Trotter",,,,Left,,,,,,,,,,,,,,,,,e922cbe0-5ba3-4d72-a26c-760a8370454f,3694ebd9-c3bd-46fc-8f71-f7ff3f5e6b4a,PC_STRIKE,
14,2026-10-01,10:31:38.24,"Sloan, Landon",835347,Right,LON_DIR,Stretch,BallCalled,1,2,Fastball,Live,,92.58004,-3.367041668,-5.170441711,2252.358457,217.0019241,1:15,5.37895,2.48424,6.27461,-15.39039,17.16822,12.93722,0.97687,-1.21604,83.89704,-6.281459246,-2.720209788,0.4106807725,-8.65583,10.4302,-2.10832,50,5.12192,11.72533,-134.01714,-8.39455,-15.61034,31.23023,-13.36371,ef70bc9c-3aa0-423c-a363-2961ed2215ba,68857c05-61d1-485c-8725-2ef42a8955db,91.78038,LiveBpPitching,24180025,,1000436607,"Enright, Trotter",,,,Left,,,,,,,,,,,,,,,,,b906615f-6e4a-42a1-aa80-08ea4d82eacf,3694ebd9-c3bd-46fc-8f71-f7ff3f5e6b4a,PC_BALL,
15,2026-10-01,10:32:08.09,"Sloan, Landon",835347,Right,LON_DIR,Stretch,BallCalled,2,2,ChangeUp,Live,,84.42435,-2.491267203,-3.690398943,1753.487431,236.0719815,1:45,5.26313,2.85663,6.20423,-31.95667,6.92699,10.31449,0.29468,0.30562,77.37756,-8.492000759,-1.738810628,0.4488022248,-6.69872,4.5034,-2.58485,50,5.05979,7.60785,-122.57293,-6.26715,-10.15253,25.08371,-25.34874,3e944b9f-5f02-4604-a29d-7cef75e41fa2,68857c05-61d1-485c-8725-2ef42a8955db,83.98452,LiveBpPitching,24180025,,1000436607,"Enright, Trotter",,,,Left,,,,,,,,,,,,,,,,,6130fff7-db5d-4a95-bc64-08665028bd42,3694ebd9-c3bd-46fc-8f71-f7ff3f5e6b4a,PC_BALL,
16,2026-10-01,10:32:38.60,"Sloan, Landon",835347,Right,LON_DIR,Stretch,BallCalled,3,2,Fastball,Live,,91.89255,,,2231.732869,,,5.30766,2.55795,6.23075,,,,1.52493,0.43183,83.54429,-5.887048996,-1.066025432,0.4124566954,-7.81393,8.7652,-2.30878,50,5.11527,7.5958,-133.44194,-6.2995,-13.99981,30.42083,-16.46991,7cbaceb2-a9f2-4841-880e-e4a95729baa3,68857c05-61d1-485c-8725-2ef42a8955db,91.3852,LiveBpPitching,24180025,,1000436607,"Enright, Trotter",,,,Left,,,,,,,,,,,,,,,,,5f64a0e5-8d3e-40e7-8874-8367e75cfcb9,3694ebd9-c3bd-46fc-8f71-f7ff3f5e6b4a,PC_STRIKE|HC_FOUL,
17,2026-10-01,10:33:09.12,"Sloan, Landon",835347,Right,LON_DIR,Stretch,BallCalled,0,0,ChangeUp,Live,,82.15419,0.5404166677,-2.761540898,1609.171064,244.5320417,2:15,5.28921,2.89643,6.11873,-34.2114,7.3994,15.64076,2.93841,1.64513,73.90617,-5.964303874,0.2203516127,0.4642740457,-9.4642,3.86177,-2.69324,50,5.3129,5.31543,-119.36033,0.16046,-13.39642,27.00853,-26.70778,dd78d217-a27c-4801-97ae-872f1139e409,68857c05-61d1-485c-8725-2ef42a8955db,81.18576,LiveBpPitching,24180025,,1000436607,"Enright, Trotter",,,,Left,,,,,,,,,,,,,,,,,e31bd570-a22c-4054-bf15-542d652c420e,3694ebd9-c3bd-46fc-8f71-f7ff3f5e6b4a,PC_STRIKE,
18,2026-10-01,10:34:14.75,"Sloan, Landon",835347,Right,LON_DIR,Stretch,BallCalled,0,0,Fastball,Live,,91.35222,-2.985430356,-5.081243336,2154.126856,219.0048866,1:15,5.30048,2.43396,6.35295,-18.54604,14.82635,12.01678,0.99416,-1.25319,82.69597,-6.502919356,-2.799393248,0.4157813884,-8.18161,9.07884,-2.07098,50,5.0747,11.40263,-132.30581,-7.48556,-14.34666,31.05552,-16.25406,3f667393-f3c3-479f-9730-46f1c78ba73c,68857c05-61d1-485c-8725-2ef42a8955db,90.65446,LiveBpPitching,24180025,,814730,"Farnum, Xavier",,,,Right,,,,,,,,,,,,,,,,,66743772-57be-4137-8dc0-efaf9f837718,3694ebd9-c3bd-46fc-8f71-f7ff3f5e6b4a,PC_BALL,
19,2026-10-01,10:34:36.33,"Sloan, Landon",835347,Right,LON_DIR,Stretch,BallCalled,1,0,Fastball,Live,,90.97462,-3.170099831,-4.4957491,2172.534376,228.4295406,1:30,5.33725,2.6634,6.01883,-19.85088,14.21845,16.00974,0.73502,-0.17466,82.3115,-6.913434098,-1.467133789,0.4201005342,-10.09911,8.71486,-2.31983,50,5.07762,9.84842,-131.76651,-7.95527,-17.55388,30.96602,-17.02622,3c6762c3-e5e1-401f-b9cd-a338b73e5ad4,68857c05-61d1-485c-8725-2ef42a8955db,89.72243,LiveBpPitching,24180025,,814730,"Farnum, Xavier",,,,Right,,,,,,,,,,,,,,,,,525249c8-bdc4-4327-bba8-e5514d889a70,3694ebd9-c3bd-46fc-8f71-f7ff3f5e6b4a,PC_BALL,
20,2026-10-01,10:35:02.31,"Sloan, Landon",835347,Right,LON_DIR,Stretch,InPlay,2,0,Fastball,Live,,90.36551,-1.670244725,-4.079718729,2111.732942,212.4600869,1:00,5.32764,2.66005,6.49928,-15.46347,18.21337,11.61241,2.50184,-0.12272,81.88525,-4.617411506,-1.866939876,0.4176736221,-7.64885,10.56692,-2.37991,50,5.20391,9.02342,-131.23503,-4.28514,-13.22865,29.92533,-13.8986,a53b8d36-3199-4d5b-9ba5-99d137ec4d05,68857c05-61d1-485c-8725-2ef42a8955db,90.24376,LiveBpPitching,24180025,-21.09462154,814730,"Farnum, Xavier",,GroundBall,94.28855,Right,0.0486889086,,,,55.76248,54.50132,0.4093943929,-21.55522842,2.0913,2.67774,0.05769,,,,,,069c0f25-0e8a-408f-86a9-9f7aa3d21074,3694ebd9-c3bd-46fc-8f71-f7ff3f5e6b4a,PC_STRIKE|HC_IN_PLAY,
21,2026-10-01,10:35:59.04,"Ramos, Tristan",1000298734,Right,LON_DIR,,,,,,Warmup,,81.77866,-1.326392624,-1.85889895,2090.967134,205.711122,12:45,5.73597,1.62109,5.62961,-25.06574,17.03961,8.22074,2.40887,0.57134,74.77024,-6.004617622,-0.3182780814,0.4670248991,-4.91828,9.48183,-1.46829,50,5.60724,3.60286,-118.90449,-3.5358,-7.03137,23.09749,-18.61845,e431bb05-a056-4005-8e02-e4e7f01e689b,68857c05-61d1-485c-8725-2ef42a8955db,80.70756,LiveBpPitching,24180025,,,,,,,Right,,,,,,,,,,,,,,,,,8dce594f-79a4-489d-aa55-3f369c5df8f9,3694ebd9-c3bd-46fc-8f71-f7ff3f5e6b4a,,
22,2026-10-01,10:36:12.14,"Ramos, Tristan",1000298734,Right,LON_DIR,,,,,,Warmup,,85.41634,-1.319519917,-0.709948146,2084.972466,213.1389756,1:00,5.69033,1.43241,5.62875,-23.3463,15.21672,9.95168,2.51347,1.59935,78.09774,-5.677147344,1.155658678,0.4469478718,-5.51926,8.50536,-1.37839,50,5.56331,1.2155,-124.24931,-3.62262,-8.61555,25.22912,-18.8972,0278b32b-e524-4bfd-8b40-47af24d4268e,68857c05-61d1-485c-8725-2ef42a8955db,84.33296,LiveBpPitching,24180025,,,,,,,Right,,,,,,,,,,,,,,,,,0e7e5f20-468a-443c-957c-6421c5629591,3694ebd9-c3bd-46fc-8f71-f7ff3f5e6b4a,,
23,2026-10-01,10:36:28.05,"Ramos, Tristan",1000298734,Right,LON_DIR,,,,,,Warmup,,84.80682,-1.842483665,-3.162047319,2147.266573,202.0424957,12:45,5.58954,1.72862,6.029,-22.28264,16.31453,6.62052,2.02341,-0.65055,77.63126,-6.025276676,-1.915166653,0.4471457955,-4.46928,9.3567,-1.4853,50,5.43341,6.60906,-123.24357,-4.64184,-6.87321,24.51728,-17.7846,f53d9e81-7670-4a71-9eb9-8f55f4052f12,68857c05-61d1-485c-8725-2ef42a8955db,84.29564,LiveBpPitching,24180025,,,,,,,Right,,,,,,,,,,,,,,,,,d7ff2439-b595-4705-beb4-424faa23f2d4,3694ebd9-c3bd-46fc-8f71-f7ff3f5e6b4a,,
24,2026-10-01,10:36:43.49,"Ramos, Tristan",1000298734,Right,LON_DIR,,,,,,Warmup,,79.94776,-2.444008754,-3.199678197,1879.114908,234.3361231,1:45,5.39391,1.83554,5.47019,-33.65988,10.94729,15.26614,0.29709,0.11065,73.17477,-8.684829558,-0.344421692,0.4806995582,-9.05266,6.53602,-1.56469,50,5.15632,6.00886,-115.99039,-6.00652,-12.27602,22.62723,-23.31076,11be6252-f9e9-4e8b-aab0-36a75c424a13,68857c05-61d1-485c-8725-2ef42a8955db,78.41164,LiveBpPitching,24180025,,,,,,,Right,,,,,,,,,,,,,,,,,e79d734b-43bc-4794-a9b8-d43e0902a02e,3694ebd9-c3bd-46fc-8f71-f7ff3f5e6b4a,,
25,2026-10-01,10:37:01.70,"Ramos, Tristan",1000298734,Right,LON_DIR,,BallCalled,0,0,,Live,,80.43191,-1.939358406,-3.097001728,1975.637392,209.3965318,1:00,5.38821,1.72078,5.45749,-27.47322,16.16949,9.12895,1.28033,-0.41986,74.10201,-7.022186697,-1.399528342,0.4754744984,-5.65031,9.08143,-1.45424,50,5.19855,6.03201,-116.83262,-4.83246,-7.85558,20.80342,-19.54821,de24661c-56ed-4b66-b4b8-e892294a21fe,68857c05-61d1-485c-8725-2ef42a8955db,79.27331,LiveBpPitching,24180025,,1000581039,"Harrison, Ayden",,,,Right,,,,,,,,,,,,,,,,,98506958-b18e-45a3-b6b7-2096df48de58,3694ebd9-c3bd-46fc-8f71-f7ff3f5e6b4a,,
26,2026-10-01,10:37:26.82,"Ramos, Tristan",1000298734,Right,LON_DIR,,,,,,Warmup,,85.98856,-3.109555354,-1.729121811,2050.917478,214.4916398,1:15,5.70199,1.52146,5.78631,-20.4116,17.45088,11.9859,1.1044,0.91139,78.8564,-6.913461729,0.5213899707,0.4428696696,-6.91567,10.23309,-1.38639,50,5.43362,3.3888,-124.93461,-7.44199,-10.93926,24.98057,-15.98728,56dd721d-4d74-4ada-a4b9-634f980c743a,68857c05-61d1-485c-8725-2ef42a8955db,85.10955,LiveBpPitching,24180025,,,,,,,Right,,,,,,,,,,,,,,,,,5f109603-2db9-4d94-b0fe-a6d04fae5df6,3694ebd9-c3bd-46fc-8f71-f7ff3f5e6b4a,,
27,2026-10-01,10:38:20.24,"Ramos, Tristan",1000298734,Right,LON_DIR,Stretch,StrikeCalled,1,0,Fastball,Live,,87.60236,-2.254983644,-1.910748214,2102.537284,205.8215313,12:45,5.84782,1.10239,5.94274,-19.27673,17.19396,8.32747,2.14779,0.02355,79.64854,-5.881177262,-0.3369932821,0.4346537329,-5.07777,9.98017,-0.95506,50,5.65752,3.98566,-127.31914,-5.62243,-8.27601,27.86489,-15.90787,c7b86251-e357-4ed0-91c6-c4fb5b8b0c78,68857c05-61d1-485c-8725-2ef42a8955db,86.71831,LiveBpPitching,24180025,,1000581039,"Harrison, Ayden",,,,Right,,,,,,,,,,,,,,,,,a82b9631-e8ba-4638-b682-d7d8f082bc2c,3694ebd9-c3bd-46fc-8f71-f7ff3f5e6b4a,PC_STRIKE|HC_FOUL,
28,2026-10-01,10:38:48.69,"Ramos, Tristan",1000298734,Right,LON_DIR,Stretch,BallCalled,1,1,Fastball,Live,,87.70453,-0.8504646353,0.3236529661,2197.958365,204.6078007,12:45,5.86582,0.95504,5.6634,-19.66961,17.2024,7.89235,3.4337,1.91449,79.27139,-4.548792249,1.811720373,0.4370386052,-4.1334,9.4975,-0.98726,50,5.78181,-0.98033,-127.51309,-2.54093,-6.72163,29.23428,-16.72947,39e32192-ee54-45a6-a88c-cd3f778c595b,68857c05-61d1-485c-8725-2ef42a8955db,86.2451,LiveBpPitching,24180025,,1000581039,"Harrison, Ayden",,,,Right,,,,,,,,,,,,,,,,,1a846218-28c1-4f22-91a3-b9b29212bf4c,3694ebd9-c3bd-46fc-8f71-f7ff3f5e6b4a,PC_BALL,
29,2026-10-01,10:39:16.27,"Ramos, Tristan",1000298734,Right,LON_DIR,Stretch,StrikeCalled,2,1,Fastball,Live,,87.29788,-2.489259967,-2.237581889,2188.044647,209.5628751,1:00,5.82061,0.95435,6.1023,-19.11982,17.36988,9.85857,1.92234,-0.29418,79.47151,-6.093004634,-0.370376046,0.4347669619,-6.02679,10.18982,-0.78775,50,5.61929,4.65716,-126.87171,-6.10173,-9.76396,27.41968,-15.66558,dbd986f5-38e5-4902-a8fb-1bb043c91661,68857c05-61d1-485c-8725-2ef42a8955db,86.69573,LiveBpPitching,24180025,,1000581039,"Harrison, Ayden",,,,Right,,,,,,,,,,,,,,,,,b1f4178d-1aed-4879-acc9-53b937c3327e,3694ebd9-c3bd-46fc-8f71-f7ff3f5e6b4a,PC_STRIKE,
30,2026-10-01,10:39:38.23,"Ramos, Tristan",1000298734,Right,LON_DIR,Stretch,BallCalled,2,2,ChangeUp,Live,,81.79549,-0.5078816326,0.2418691245,1947.940568,214.2847469,1:15,5.44043,1.42745,5.65037,-28.45141,14.18837,9.69731,2.59583,2.46112,73.67337,-5.865160596,2.075247275,0.469979426,-5.1287,7.78968,-1.45395,50,5.37976,-0.7989,-118.87724,-1.92538,-7.20449,26.68797,-21.23157,85e01489-2c0f-40bf-8c02-44a12b271142,68857c05-61d1-485c-8725-2ef42a8955db,80.20019,LiveBpPitching,24180025,,1000581039,"Harrison, Ayden",,,,Right,,,,,,,,,,,,,,,,,28dbfb00-069c-4752-915d-fb1937df3be8,3694ebd9-c3bd-46fc-8f71-f7ff3f5e6b4a,PC_BALL,
31,2026-10-01,10:40:08.55,"Ramos, Tristan",1000298734,Right,LON_DIR,Stretch,Unknown,3,2,ChangeUp,Live,,83.0323,-3.711389697,-1.60772637,1917.452737,210.458813,1:00,5.62916,1.27543,5.81891,,,,,,,,,,-5.13011,9.04739,-1.14906,50,5.30987,3.12285,-120.43317,-8.62212,-7.41037,26.98605,-19.10523,e5411859-111f-46ef-b79b-267bb97ec1e2,68857c05-61d1-485c-8725-2ef42a8955db,,LiveBpPitching,24180025,,1000581039,"Harrison, Ayden",,,,Right,,,,,,,,,,,,,,,,,096d59af-68e1-4305-b5de-5e8c3b7f8584,3694ebd9-c3bd-46fc-8f71-f7ff3f5e6b4a,PC_BALL,
32,2026-10-01,10:40:36.11,"Ramos, Tristan",1000298734,Right,LON_DIR,Stretch,StrikeCalled,3,2,Fastball,Live,,87.99944,-1.839220379,-2.510723025,2138.042105,204.4311549,12:45,5.8699,0.94544,5.95565,-15.64693,20.90853,9.51025,2.85839,-0.59155,78.89382,-4.808062949,-0.7021849925,0.4351585259,-6.01075,11.97706,-0.75148,50,5.71525,5.3062,-127.77044,-4.5944,-9.7388,31.20792,-12.76845,3fd73ede-df90-4b61-a856-ab563038f4e8,68857c05-61d1-485c-8725-2ef42a8955db,86.61772,LiveBpPitching,24180025,,1000581039,"Harrison, Ayden",,,,Right,,,,,,,,,,,,,,,,,b9ccd72d-7964-4e0d-b486-8e761ed3a197,3694ebd9-c3bd-46fc-8f71-f7ff3f5e6b4a,HC_FOUL,
33,2026-10-01,10:41:07.00,"Ramos, Tristan",1000298734,Right,LON_DIR,Stretch,InPlay,0,0,Fastball,Live,,87.73465,-2.709358882,-1.121406581,2243.307326,200.0830462,12:45,5.85948,0.99525,5.93185,-18.98002,17.5776,6.4296,1.76213,0.49065,79.40709,-6.284357232,0.09722293674,0.4351714038,-3.83645,10.37684,-0.90946,50,5.63269,2.29316,-127.46376,-6.6291,-6.23194,29.28797,-15.31791,42900280-db32-4859-b4a9-76422c7363b5,68857c05-61d1-485c-8725-2ef42a8955db,86.61516,LiveBpPitching,24180025,-23.06055491,1000581039,"Harrison, Ayden",,LineDrive,99.56366,Right,17.29898868,,,,355.67244,102.70931,3.798424541,-27.32655547,3.08835,2.04031,-0.61938,,,,,,2e8826df-ef80-45d0-ae2a-d36fc186af2e,3694ebd9-c3bd-46fc-8f71-f7ff3f5e6b4a,HC_IN_PLAY,
34,2026-10-01,10:41:40.64,"Ramos, Tristan",1000298734,Right,LON_DIR,Stretch,StrikeCalled,0,0,Fastball,Live,,87.03014,-1.56934391,-1.618879064,2242.799913,211.1228717,1:00,5.75037,1.326,5.93495,-18.89355,18.2113,11.00948,2.71925,0.7414,78.66314,-5.137825559,0.4676304143,0.4384163702,-6.4746,10.36147,-1.20318,50,5.61471,3.23247,-126.50936,-4.05596,-10.36129,28.83136,-15.5926,abd6ea47-0239-4ff2-9e73-c75b11ddf480,68857c05-61d1-485c-8725-2ef42a8955db,85.97407,LiveBpPitching,24180025,,10309900,"Ogura, Kosei",,,,Left,,,,,,,,,,,,,,,,,397f8651-69a0-442b-97db-450595f9c764,3694ebd9-c3bd-46fc-8f71-f7ff3f5e6b4a,PC_STRIKE|HC_WHIFF,
35,2026-10-01,10:42:03.78,"Ramos, Tristan",1000298734,Right,LON_DIR,Stretch,StrikeCalled,0,1,Fastball,Live,,87.63046,-1.901097885,-3.031205301,2216.089334,215.1163795,1:15,5.74565,1.07875,5.98244,-19.8084,16.81169,11.83955,2.32997,-0.74645,79.18067,-5.643896168,-0.7876395171,0.4355430923,-7.38145,9.72463,-0.8461,50,5.58466,6.37024,-127.2419,-4.84462,-11.94819,29.19671,-16.43299,c8fe3793-fa8b-4256-b041-8139f4df6737,68857c05-61d1-485c-8725-2ef42a8955db,86.54124,LiveBpPitching,24180025,,10309900,"Ogura, Kosei",,,,Left,,,,,,,,,,,,,,,,,6173ad18-b39c-4948-9655-5352da392177,3694ebd9-c3bd-46fc-8f71-f7ff3f5e6b4a,PC_STRIKE,
36,2026-10-01,10:42:26.58,"Ramos, Tristan",1000298734,Right,LON_DIR,Stretch,BallCalled,0,2,Fastball,Live,,89.48648,-4.349958865,-2.970123653,2188.600838,208.5860363,1:00,5.86987,0.90355,5.91992,-17.11604,18.24807,9.92286,0.3942,-1.02786,80.98491,-7.562436042,-1.092067985,0.4280088629,-6.30981,11.25653,-0.67156,50,5.51148,6.4081,-129.62678,-10.42142,-10.59998,30.30214,-13.26397,920f07fc-8068-42f3-8b4c-821c203d9610,68857c05-61d1-485c-8725-2ef42a8955db,88.06462,LiveBpPitching,24180025,,10309900,"Ogura, Kosei",,,,Left,,,,,,,,,,,,,,,,,b4a30645-bdbc-4c43-a568-a7e62000dbcf,3694ebd9-c3bd-46fc-8f71-f7ff3f5e6b4a,PC_BALL,
37,2026-10-01,10:42:53.03,"Ramos, Tristan",1000298734,Right,LON_DIR,Stretch,BallCalled,1,2,ChangeUp,Live,,82.13553,-2.196808823,-2.213128752,1855.491806,227.3438037,1:30,5.34668,1.7527,5.44329,-31.14832,11.72786,12.74733,0.69185,0.74208,73.91289,-8.026236451,0.1920017376,0.4712804467,-7.55744,7.00839,-1.56587,50,5.13176,4.19977,-119.12701,-5.56026,-10.62695,27.4657,-22.31915,fd123816-e189-4e22-a83f-d776e5bb46a7,68857c05-61d1-485c-8725-2ef42a8955db,79.97879,LiveBpPitching,24180025,,10309900,"Ogura, Kosei",,,,Left,,,,,,,,,,,,,,,,,a79f0dc4-1089-4948-a22a-bed3575a804c,3694ebd9-c3bd-46fc-8f71-f7ff3f5e6b4a,PC_BALL,
38,2026-10-01,10:43:21.66,"Ramos, Tristan",1000298734,Right,LON_DIR,Stretch,BallCalled,2,2,Fastball,Live,,88.20249,-2.024730507,-0.7942440839,2216.428245,209.0094769,1:00,5.72387,1.03865,5.84929,-15.56884,21.07306,11.69313,2.54435,1.27511,78.79898,-4.976431925,1.432129698,0.435672748,-6.61354,12.12692,-0.98089,50,5.55056,1.40482,-128.09511,-5.0229,-10.71825,32.52494,-12.52052,7c9e9288-b64f-425c-9415-4208269e878f,68857c05-61d1-485c-8725-2ef42a8955db,86.51548,LiveBpPitching,24180025,,10309900,"Ogura, Kosei",,,,Left,,,,,,,,,,,,,,,,,da2fcc40-fc48-406c-a435-38babea38f5b,3694ebd9-c3bd-46fc-8f71-f7ff3f5e6b4a,HC_FOUL,
39,2026-10-01,10:43:44.84,"Ramos, Tristan",1000298734,Right,LON_DIR,Stretch,BallCalled,3,2,Fastball,Live,,88.13263,-0.8075207768,-0.8585318915,2214.72182,201.3766581,12:45,5.74236,1.06129,5.86363,-18.36948,17.96979,7.04521,3.46139,0.85089,79.374,-4.282326266,0.4771448109,0.4338698554,-4.08783,9.97998,-0.99588,50,5.66648,1.69558,-128.14218,-2.39214,-6.69179,30.30322,-15.8368,a459036d-2b91-44e4-9f20-5d1e09e7a5a7,68857c05-61d1-485c-8725-2ef42a8955db,86.87499,LiveBpPitching,24180025,,10309900,"Ogura, Kosei",,,,Left,,,,,,,,,,,,,,,,,28dc2718-6852-4aa9-8b31-f74d36a36524,3694ebd9-c3bd-46fc-8f71-f7ff3f5e6b4a,HC_FOUL,
40,2026-10-01,10:44:09.09,"Ramos, Tristan",1000298734,Right,LON_DIR,Stretch,BallCalled,0,0,Fastball,Live,,88.41427,-3.582112031,-3.444874769,2200.212937,207.8442824,1:00,5.64823,1.08398,6.20853,-18.66596,17.60829,9.29734,0.77679,-1.32407,78.89054,-7.136195588,-1.663869569,0.433481534,-6.34642,10.96262,-0.83031,50,5.36996,7.43481,-128.07694,-8.58447,-10.24969,33.27851,-14.46904,843db00e-9f7b-4088-a8cc-067db2c1b5b3,68857c05-61d1-485c-8725-2ef42a8955db,86.95281,LiveBpPitching,24180025,,10309900,"Ogura, Kosei",,,,Left,,,,,,,,,,,,,,,,,6215f790-33f6-41d4-b4bd-bce91ca93baf,3694ebd9-c3bd-46fc-8f71-f7ff3f5e6b4a,PC_BALL,
41,2026-10-01,10:44:35.96,"Ramos, Tristan",1000298734,Right,LON_DIR,Stretch,StrikeCalled,1,0,Fastball,Live,,88.76895,-1.181638745,-2.447948633,2088.439881,220.1895554,1:15,5.8045,1.10122,6.18578,-22.58539,12.72442,10.77339,2.83033,-0.26236,80.35531,-5.464684194,-0.3989875351,0.4276801333,-6.65238,7.32407,-0.92228,50,5.70406,5.19047,-129.05671,-3.34952,-11.08933,29.7699,-19.96504,0fa609f9-0eb1-49e1-907a-224c77054e17,68857c05-61d1-485c-8725-2ef42a8955db,88.13231,LiveBpPitching,24180025,,10309900,"Ogura, Kosei",,,,Left,,,,,,,,,,,,,,,,,32d64c82-9616-4e45-a543-11000edbaa59,3694ebd9-c3bd-46fc-8f71-f7ff3f5e6b4a,HC_FOUL|PC_STRIKE,
42,2026-10-01,10:45:09.98,"Ramos, Tristan",1000298734,Right,LON_DIR,Stretch,BallCalled,1,1,ChangeUp,Live,,81.93931,-3.16953221,-2.642863481,1937.102283,200.9547582,12:45,5.38336,1.56185,5.39827,-27.23859,16.00626,6.13468,0.13756,-0.40494,73.73027,-8.252774936,-1.487453884,0.4733022589,-4.1682,9.6083,-1.33059,50,5.0821,5.28406,-118.70201,-7.44668,-5.82075,27.2222,-18.75639,e671c03d-9c2b-48ce-a604-1d1b2d90ed80,68857c05-61d1-485c-8725-2ef42a8955db,79.63714,LiveBpPitching,24180025,,10309900,"Ogura, Kosei",,,,Left,,,,,,,,,,,,,,,,,2a5d9687-50dc-44e0-83d6-590a4fe5e1f1,3694ebd9-c3bd-46fc-8f71-f7ff3f5e6b4a,PC_BALL,
43,2026-10-01,10:45:33.52,"Ramos, Tristan",1000298734,Right,LON_DIR,Stretch,BallCalled,2,1,Fastball,Live,,88.51638,-0.3673330932,0.4968669766,2157.801721,206.3359759,1:00,5.8588,1.23798,5.825,-17.66707,18.82491,9.33405,4.04509,2.47767,78.75188,-3.728409691,2.275772563,0.4347805676,-4.87789,10.33264,-1.2839,50,5.81865,-1.4129,-128.59751,-1.38794,-7.9374,33.69298,-15.36058,cee637ad-4afc-42ed-b14f-d856baec19fe,68857c05-61d1-485c-8725-2ef42a8955db,86.69302,LiveBpPitching,24180025,,10309900,"Ogura, Kosei",,,,Left,,,,,,,,,,,,,,,,,ed0c4d77-405a-468a-8ec1-b6deb441c5e0,3694ebd9-c3bd-46fc-8f71-f7ff3f5e6b4a,PC_BALL,